품목,필수 사양,후보A,후보B,선정 방향,보류 이유,공식 근거
메인 컴퓨터,보유 8GB·USB/HDMI/CSI·Hailo,Pi 5 8GB + AI HAT+13 TOPS,Jetson Orin Nano Super 개발키트,보유 Pi 기준 개발; Jetson은 CUDA/오프라인 AI 대안,실측 대화지연·열·소비전력·OS 호환 미확정,https://www.raspberrypi.com/products/raspberry-pi-5/ ; https://www.nvidia.com/en-us/autonomous-machines/embedded-systems/jetson-orin/nano-super-developer-kit/
얼굴 LCD,HDMI·얼굴 개구부 적합·독립 전원,"Waveshare 5inch HDMI LCD (H), 800×480","Waveshare 5DP-CAPLCD-H, 1024×600","전자는 단순/저해상도, 후자는 표현 해상도 증가",얼굴 CAD 개구부/PCB·소비전력 미확인,https://www.waveshare.com/5inch-HDMI-LCD-H.htm ; https://www.waveshare.com/5dp-caplcd.htm
가슴 터치,7인치급·HDMI+USB HID,Waveshare 7inch HDMI LCD (H),동 제품군 5DP-CAPLCD-H 축소 대안,7인치 UI 우선; 5인치는 체적 절감 대신 터치 면적 감소,몸통 개구부·배선/터치OS·역급전 시험,https://www.waveshare.com/7inch-hdmi-lcd-h.htm ; https://www.waveshare.com/5dp-caplcd.htm
마이크/오디오,4mic·USB·AEC 재생 경로,Seeed reSpeaker XVF3800 USB 4-Mic,Seeed ReSpeaker Mic Array v2.0 XVF3000,"XVF3800 우선, 구형 비교는 지원/공급 재확인",실물 USB/I2S 버전·AEC·팬/모터 소음,https://wiki.seeedstudio.com/respeaker_xvf3800_introduction/ ; https://wiki.seeedstudio.com/ReSpeaker_Mic_Array_v2.0/
카메라,머리 장착·영상 AI·케이블,Camera Module 3 Standard,Raspberry Pi AI Camera IMX500,AF+기존 Hailo 사용 우선; AI Camera는 센서 내 추론 모델 별도,목 FFC 수명·FOV·노출/모델 검증; Hailo와 중복 가속 비용,https://www.raspberrypi.com/products/camera-module-3/ ; https://www.raspberrypi.com/products/ai-camera/
목 구동,TTL·위치/전류 feedback·실하중,XM430-W350-T,XM430-W210-T,감속비/속도/토크 선택은 머리 질량·중심으로 결정,stall 토크를 연속 정격으로 사용 금지,https://emanual.robotis.com/docs/en/dxl/x/xm430-w350/ ; https://emanual.robotis.com/docs/en/dxl/x/xm430-w210/
어깨 lift,팔 질량·모멘트·열·끼임 제한,XM540-W270-T,XM540-W150-T,lift는 손목보다 고부하; 감속비 대안 비교,관절 길이/질량/속도 없으므로 최종 선정 보류,https://emanual.robotis.com/docs/en/dxl/x/xm540-w270/ ; https://emanual.robotis.com/docs/en/dxl/x/xm540-w150/
손목,경량·TTL·허용 전압,XC330-T288-T,XC330-T181-T,"손목 전용 경량 후보, T/M 전압 혼동 금지",payload/기구 검증; 3S12.6V 직결 금지,https://emanual.robotis.com/docs/en/dxl/x/xc330-t288/ ; https://emanual.robotis.com/docs/en/dxl/x/xc330-t181/
관절 제어,USB host+TTL half duplex,UNO R4 Minima + DXL Shield,OpenRB-150,UNO 요청에 따라 R4 우선; OpenRB는 DXL 통합 대안,R4 library/Serial1/DE·단일모터 검증 필요,https://docs.arduino.cc/hardware/uno-r4-minima/ ; https://emanual.robotis.com/docs/en/parts/controller/openrb-150/
Pi DC-DC,5V/5A급·USB-C 공급 인터페이스 별도,Pololu D24V50F5,Pololu D36V50F5,둘 다 DC-DC 후보이며 USB-C PD 완제품 아님,Vin·열 derating·순간전류·케이블/전원 인식 확인 전 보류,https://www.pololu.com/product/2851 ; https://www.pololu.com/product/4091
